name,fdc_id,calories_kcal,protein_g,carb_g,fat_g
CHICKEN BREAST,2187885,,20.42,1.06,8.1
CHICKEN BREAST,2092152,,14.29,3.57,8.93
SALMON,2016166,,15.23,2.65,7.95
SALMON,1028841,,19.01,0.0,15.49
"Beef, top sirloin steak, raw",2727574,140.144,21.975,0.218,5.708
"Beef, steak, sirloin, lean and fat eaten",2705833,,26.2,0.0,16.6
EGG,2575290,,6.41,57.69,28.85
EGG,2171141,,0.0,90.0,0.0
"Eggs, Grade A, Large, egg white",747997,,10.7,2.36,0.0
Egg white sandwich,2707334,,9.41,24.1,3.62
TOFU,2294522,,,,
TOFU,1910113,,9.41,1.18,5.88
"Almond milk, unsweetened",2705409,,0.55,0.34,1.22
"Soy milk, unsweetened",2705405,,3.55,1.29,2.12
OATS,2020713,,12.5,67.5,6.25
OATS,2014676,,12.5,67.5,6.25
BROWN RICE,2286928,,8.89,75.56,3.33
BROWN RICE,360294,,9.3,76.74,2.33
SWEET POTATO,477475,,5.45,16.35,1.28
SWEET POTATO,1946920,,6.25,32.81,12.5
BANANA,2012128,,12.5,40.62,6.25
BANANA,2011468,,0.0,78.57,1.07
BROCCOLI,2549992,,2.35,4.71,0.0
BROCCOLI,1935906,,3.53,4.71,0.0
CAULIFLOWER,2409200,,2.35,4.71,0.0
CAULIFLOWER,2409835,,12.5,50.0,0.0
Avocado dressing,2710208,,1.9,7.36,43.3
"Avocado, raw",2709223,,2.0,8.53,14.7
TUNA,2068771,,5.66,10.38,3.77
"Fish, tuna salad",175160,,16.04,9.41,9.26
"Duck, wild, breast, meat only, raw",174469,,19.85,0.0,4.25
Duck sauce,2710298,,0.36,60.7,0.13
Chia seeds,2707590,,16.5,42.1,30.7
CHIA SEEDS,2124841,,17.86,42.86,32.14
GREEK YOGURT,2035482,,3.33,70.0,20.0
GREEK YOGURT,373595,,4.85,12.33,7.05
LOW FAT CHEESE,2396789,,10.0,33.85,2.31
"Cheese, cottage, low fat",2705756,,11.0,4.31,2.3
"Pork, chop, lean and fat eaten",2705867,,27.0,0.01,9.17
"Pork, chop, lean only eaten",2705868,,28.0,0.0,5.94
MACKEREL,2068438,,25.0,0.0,5.36
MACKEREL,2678581,,21.43,0.0,5.36
"Peanuts, boiled",2707513,,13.5,21.3,22.0
"Chicken, feet, boiled",171119,,19.4,0.2,14.6
"Fish, cod, fried",2706244,,13.5,11.7,12.5
"Fish, cod, grilled",2706242,,19.4,0.0,2.79
GROUND TURKEY,2286356,,19.64,0.0,7.14
GROUND TURKEY,1941808,,19.47,0.0,7.08
PUMPKIN,2128804,,0.8,8.8,0.0
PUMPKIN,2434324,,0.83,8.33,0.0
ZUCCHINI,2428955,,1.05,4.21,0.0
"Bread, zucchini",2707851,,5.05,42.6,13.1
SPINACH,2617829,,2.35,3.53,0.0
SPINACH,1905313,,3.53,3.53,0.0
Cucumber salad made with cucumber and vinegar,2709821,,0.5,6.79,0.13
"Cucumber, raw",2709784,,0.62,2.95,0.18
APPLE,454004,,0.0,14.29,0.65
APPLE,2117388,,0.0,11.67,0.0
ORANGE,1864680,,4.76,90.48,0.0
"Orange, raw",2709171,,0.92,11.8,0.14
Peanut butter,2707537,,22.2,22.3,51.4
PEANUT BUTTER,2031766,,20.0,20.0,50.0
ALMONDS,2074342,,23.33,13.33,56.67
ALMONDS,2433310,,20.0,20.0,50.0
WALNUTS,2431413,,15.62,12.5,65.62
WALNUTS,1905338,,14.29,17.86,60.71
"Egg, yolk, dried",173428,,33.63,0.66,59.13
"Egg, yolk, dried",329716,,34.2,1.07,55.5
CORN,2122593,,0.8,12.8,0.0
CORN,2155640,,2.67,21.33,0.67
WHITE RICE,2488703,,6.67,80.0,0.0
WHITE RICE,2059175,,6.67,77.78,0.0
Barley,2708361,,2.2,27.2,2.74
BARLEY,2439195,,1.77,23.89,0.0
BLACK BEANS,2072521,,23.68,60.53,0.0
BLACK BEANS,2287095,,4.62,13.08,0.0
RED BEANS,2027575,,5.0,15.83,0.0
RED BEANS,2253266,,4.62,13.85,0.0
LENTILS,1795141,,22.86,65.71,1.43
LENTILS,1998769,,,47.5,0.0
"Beverages, Protein powder whey based",173180,,78.13,6.25,1.56
"Beverages, Whey protein powder isolate",173177,,58.14,29.07,1.16
CHEDDAR CHEESE,2118224,,21.43,7.14,32.14
CHEDDAR CHEESE,2057648,,21.43,3.57,28.57
CHEDDAR CHEESE,2015943,,25.0,3.57,32.14
QUINOA,2286638,,14.29,64.29,7.14
QUINOA,386410,,10.0,70.0,4.0
QUINOA,2384144,,14.29,71.43,7.14
MOZZARELLA CHEESE,380742,,20.0,3.33,20.0
MOZZARELLA CHEESE,2027412,,28.57,3.57,17.86
MOZZARELLA CHEESE,2101148,,25.0,3.57,21.43
FETA CHEESE,453820,,17.86,3.57,21.43
FETA CHEESE,1850848,,17.86,3.57,21.43
FETA CHEESE,2607110,,14.29,0.0,25.0
COTTAGE CHEESE,2287080,,11.5,3.54,4.42
COTTAGE CHEESE,2078618,,12.39,2.65,4.42
COTTAGE CHEESE,2658451,,8.55,6.84,0.0
"Chicken thigh, rotisserie, skin not eaten",2706036,,24.1,0.0,10.7
"Chicken thigh, rotisserie, skin eaten",2706035,,22.5,0.12,15.1
CHICKEN THIGH,1899680,,14.04,0.88,16.67
"Chicken wing, sauteed",2706064,,23.1,0.0,18.4
CHICKEN WING,1479571,,16.07,0.0,14.29
"Chicken wing, stewed",2706061,,22.6,0.0,16.7
TURKEY BREAST,555846,,19.64,0.0,0.09
TURKEY BREAST,1900113,,21.43,1.79,1.79
TURKEY BREAST,2440897,,28.07,0.0,0.88
"Lamb, chop",2705906,,27.4,0.0,16.3
"Lamb, New Zealand, imported, loin chop, separable lean only, raw",173810,,19.98,0.0,6.88
"Lamb, New Zealand, imported, loin chop, separable lean and fat, raw",172517,,15.4,0.22,26.19
SARDINES,2029597,,23.64,0.0,9.09
SARDINES,2098498,,15.09,0.0,9.43
SARDINES,2442994,,23.64,0.0,12.73
TILAPIA,2016165,,18.75,1.79,3.57
TILAPIA,2612309,,19.72,0.0,1.76
TILAPIA,2504623,,15.0,0.0,1.5
"Pork, chop, stuffed",2705872,,18.4,7.82,9.04
"Pork, chop, lean and fat eaten",2705867,,27.0,0.01,9.17
"Pork, chop, center cut, raw",2727575,138.275,22.8125,-0.5625,5.475
"Fish, bass, fried",2706298,,15.9,11.7,13.7
"Fish, sea bass, mixed species, cooked, dry heat",173694,,23.63,0.0,2.56
"Fish, sea bass, mixed species, raw",175142,,18.43,0.0,2.0
"HANAMI, PRAWN CRACKERS",1880622,,6.25,65.62,25.0
PRAWN DUMPLINGS,1979928,,5.26,26.32,3.95
PERFECT PRAWNS,2426953,,13.64,0.91,0.0
CRAB MEAT,2294249,,,,
CRAB MEAT,2059596,,7.06,17.65,1.18
CRAB MEAT,1890221,,23.53,0.0,1.18
CASHEWS,2009292,,17.86,28.57,50.0
CASHEWS,2404069,,16.22,29.73,45.95
CASHEWS,2027526,,17.86,28.57,46.43
Mussels,2706350,,15.1,4.67,2.84
MUSSELS,2437563,,23.89,7.08,4.42
MUSSELS,2430436,,14.12,0.0,2.35
PECANS,1935002,,10.0,13.33,70.0
PECANS,2633815,,10.71,17.86,71.43
PECANS,1851245,,10.0,13.33,73.33
Brazil nuts,2707492,,14.3,11.7,67.1
BRAZIL NUTS,2430130,,14.29,10.71,67.86
BRAZIL NUTS,2433095,,13.33,10.0,66.67
Hazelnuts,2707502,,15.0,16.7,60.8
HAZELNUTS,2377076,,16.67,16.67,63.33
HAZELNUTS,2378312,,13.33,16.67,60.0
PISTACHIOS,2042357,,10.0,13.33,21.67
PISTACHIOS,2543746,,21.43,28.57,46.43
PISTACHIOS,2011443,,17.86,28.57,42.86
SUNFLOWER SEEDS,2042359,,11.67,10.0,25.0
SUNFLOWER SEEDS,1879738,,11.67,10.0,25.0
SUNFLOWER SEEDS,2073162,,20.0,23.33,50.0
Flax seeds,2707588,,18.0,34.4,37.3
FLAX SEEDS,1919868,,20.0,35.0,35.0
FLAX SEEDS,2044581,,17.86,28.57,42.86
PUMPKIN SEEDS,2027948,,23.33,13.33,46.67
PUMPKIN SEEDS,2507022,,33.33,13.33,46.67
PUMPKIN SEEDS,2093369,,30.0,13.33,50.0
Sesame seeds,2707586,,20.4,11.7,61.2
SESAME SEEDS,2074806,,8.93,10.71,22.32
SESAME SEEDS,2378410,,22.5,12.5,50.0
CHICKPEAS,2412635,,3.85,14.62,0.77
CHICKPEAS,2278681,,5.38,,0.77
CHICKPEAS,2068232,,8.0,20.8,1.6
"HEMP SEED BREAD, HEMP SEED",2152283,,13.33,40.0,13.33
HEMP SEEDS,2431457,,30.0,10.0,50.0
"Seeds, hemp seed, hulled",170148,,31.56,8.67,48.75
GREEN PEAS,2078552,,5.62,13.48,0.45
GREEN PEAS,2679289,,5.62,13.48,0.0
GREEN PEAS,2033254,,5.62,13.48,0.0
KIDNEY BEANS,2108502,,7.69,12.31,0.38
KIDNEY BEANS,2143653,,5.38,16.92,0.0
KIDNEY BEANS,2064767,,6.15,15.38,0.0
NAVY BEANS,2285267,,4.62,13.85,0.0
NAVY BEANS,2404286,,22.86,60.0,1.43
NAVY BEANS,2056199,,20.0,60.0,2.86
EDAMAME,2406203,,10.59,8.24,4.71
EDAMAME,2384458,,10.59,8.24,4.71
EDAMAME,2550119,,11.76,7.06,4.71
KALE,511766,,3.54,9.73,0.88
KALE,1602525,,3.54,9.73,0.88
KALE,2391372,,4.71,8.24,1.18
ARUGULA,2071611,,2.35,3.53,0.59
ARUGULA,2630019,,2.82,3.52,0.7
ARUGULA,2503225,,2.35,3.53,0.0
ROMAINE LETTUCE,373763,,1.18,3.53,0.0
ROMAINE LETTUCE,2286527,,1.18,3.53,0.0
ROMAINE LETTUCE,2097874,,1.18,2.35,0.0
"Chard, swiss, cooked, boiled, drained, with salt",169343,,1.88,4.13,0.08
"Chard, swiss, cooked, boiled, drained, without salt",170401,,1.88,4.13,0.08
"Chard, swiss, raw",169991,,1.8,3.74,0.2
TOMATOES,2543214,,0.88,3.51,0.0
TOMATOES,1764790,,0.79,3.97,0.0
TOMATOES,2126333,,0.0,2.82,0.0
CARROTS,2079038,,1.28,8.97,0.0
CARROTS,1888685,,1.28,8.97,0.0
CARROTS,2413282,,1.28,8.97,0.0
BEETS,1861258,,0.83,6.67,0.0
BEETS,2068025,,2.0,10.0,0.0
BEETS,2640434,,0.0,4.17,0.0
"ICEBERG SHREDDED LETTUCE, ICEBERG",2617727,,1.18,3.53,0.0
"Lettuce, iceberg (includes crisphead types), raw",169248,,0.9,2.97,0.14
"Lettuce, iceberg, raw",2346388,17.10875,0.7425,3.36875,0.07375
BRUSSELS SPROUTS,2135279,,3.53,9.41,0.0
BRUSSELS SPROUTS,1905344,,3.53,9.41,0.35
BRUSSELS SPROUTS,2079106,,2.35,5.88,0.59
STRAWBERRIES,2430168,,0.71,9.29,0.0
STRAWBERRIES,2402614,,0.71,9.29,0.0
STRAWBERRIES,1939709,,0.71,20.71,0.0
ASPARAGUS,2609616,,2.35,3.53,0.0
ASPARAGUS,2497753,,2.15,4.3,0.0
ASPARAGUS,2390911,,2.35,3.53,0.0
BELL PEPPERS,2079108,,1.18,4.71,0.0
"Peppers, bell, green, raw",2258588,22.9291,0.715,4.7781,0.1063
"Peppers, bell, orange, raw",2258591,31.7404,0.881875,6.703125,0.1556
BLUEBERRIES,2071987,,0.0,12.14,0.71
BLUEBERRIES,2008856,,0.71,12.14,0.71
BLUEBERRIES,2376881,,0.71,12.14,0.71
RASPBERRIES,2009907,,0.7,26.06,0.0
RASPBERRIES,2430242,,1.43,12.14,0.71
RASPBERRIES,2579730,,1.43,12.14,0.71
"Grapes, raw",2709237,,0.9,19.4,0.2
"Grape juice, 100%",2709325,,0.18,15.7,0.28
GRAPES,2388443,,0.0,17.54,0.0
KIWI,2293390,,,,
KIWI,1662272,,1.35,14.86,0.68
KIWI,1662236,,1.35,14.86,0.68
BLACKBERRIES,2072076,,0.0,12.86,0.0
BLACKBERRIES,2446295,,1.47,15.44,0.37
BLACKBERRIES,2388113,,1.43,9.29,0.36
MANGO,2170097,,0.0,85.0,0.0
MANGO,2653104,,2.5,75.0,0.0
MANGO,2680464,,2.5,85.0,0.0
PINEAPPLE,2282543,,0.0,78.57,0.0
PINEAPPLE,2396249,,0.0,93.0,0.0
PINEAPPLE,2127873,,3.51,50.88,19.3
WATERMELON,2104697,,0.78,7.45,0.25
WATERMELON,2193119,,0.78,7.45,0.25
WATERMELON,2651932,,0.39,7.45,0.0
"Cantaloupe, raw",2709226,,0.82,8.16,0.18
Cantaloupe nectar,2709343,,0.33,15.6,0.11
CANTALOUPE,1568209,,0.75,8.96,0.0
PEACH,2440668,,0.19,11.68,0.0
PEACH,2069261,,0.42,19.17,0.0
PEACH,2053614,,4.44,53.33,22.22
"Plum, raw",2709265,,0.7,11.4,0.28
"Plum, canned",2709266,,0.52,13.5,0.23
"Plums, raw",169949,,0.7,11.42,0.28
Coconut oil,2710182,,0.0,0.84,99.1
COCONUT OIL,454002,,0.0,0.0,100.0
COCONUT OIL,2431105,,0.0,0.0,100.0
Olive oil,2710186,,0.0,0.0,100
OLIVE OIL,2290656,,0.0,,
OLIVE OIL,2073857,,0.0,7.14,42.86
AVOCADO OIL,2125999,,0.0,0.0,93.33
AVOCADO OIL,2158377,,0.0,0.0,93.33
AVOCADO OIL,1857558,,0.0,0.0,93.33
BUTTER,1932883,,0.0,0.0,78.57
BUTTER,2542726,,0.0,0.0,78.57
BUTTER,1920273,,1.18,2.35,0.0
GHEE,2548700,,0.0,0.0,100.0
GHEE,2170724,,53.85,0.0,100.0
GHEE,2171007,,0.0,0.0,100.0
WHOLE WHEAT BREAD,1886332,,11.63,44.19,3.49
WHOLE WHEAT BREAD,2286812,,11.63,44.19,2.33
WHOLE WHEAT BREAD,2078782,,12.28,43.86,3.51
RYE BREAD,2489331,,10.0,53.33,0.0
RYE BREAD,1782694,,8.33,47.22,4.17
RYE BREAD,2033720,,8.0,46.0,4.0
SOURDOUGH BREAD,1800578,,7.14,46.43,0.0
SOURDOUGH BREAD,2657126,,10.0,46.67,1.67
SOURDOUGH BREAD,2602014,,10.53,49.12,0.88
"Tortilla, corn",2707823,,5.7,44.6,2.85
"Tortilla, flour",2707824,,8.2,49.4,7.99
TORTILLA,2095061,,5.26,44.74,2.63
BAGEL,2283263,,0.0,,0.0
Bagel,2707684,,10.6,52.4,1.32
BAGEL,684916,,4.0,40.0,5.0
PASTA,2063604,,12.5,69.64,2.68
PASTA,465736,,12.5,78.57,1.79
PASTA,2071343,,11.32,66.04,2.83
"Noodles, cooked",2708352,,4.51,25.0,2.06
"Adobo, with noodles",2708809,,16.9,8.14,7.66
NOODLES,2017319,,11.11,77.78,1.85
Buckwheat groats,2708362,,3.24,19.0,3.97
BUCKWHEAT,2373541,,2.98,19.64,0.6
Buckwheat,170286,,13.25,71.5,3.4
WILD RICE,2027150,,14.58,75.0,1.04
WILD RICE,1940942,,13.33,77.78,1.11
WILD RICE,2059935,,15.56,75.56,1.44
COUSCOUS,2418489,,13.33,73.33,0.0
COUSCOUS,2388834,,13.33,77.78,0.0
COUSCOUS,2400817,,11.29,74.19,1.61
Millet,2708377,,3.5,23.6,1.0
"Millet, cooked",168871,,3.51,23.67,1.0
Millet flour,172023,,10.75,75.12,4.25
"Liver, beef or calves, and onions",2706876,,16.7,6.97,3.6
"Liver, beef",2706153,,26.3,5.12,4.64
"Beef, variety meats and by-products, liver, raw",169451,,20.36,3.89,3.63
"Liver, chicken",2706154,,20.0,6.48,8.69
"Chicken, liver, all classes, raw",171060,,16.92,0.73,4.83
"Pate, chicken liver, canned",172928,,13.45,6.55,13.1
GROUND BEEF,2058842,,15.18,0.0,26.79
GROUND BEEF,1942314,,16.96,0.0,26.79
GROUND BEEF,2071973,,15.18,0.0,26.79
RIBEYE STEAK,1662003,,19.47,0.0,10.62
RIBEYE STEAK,2545559,,18.75,0.0,19.64
RIBEYE STEAK,2490543,,20.54,0.0,14.29
PORK TENDERLOIN,589061,,17.86,2.68,2.23
PORK TENDERLOIN,1948931,,17.86,3.57,2.23
PORK TENDERLOIN,2524486,,19.54,1.15,3.45
SMOKED SALMON,403355,,23.21,3.57,8.93
SMOKED SALMON,403101,,23.21,3.57,8.93
SMOKED SALMON,2009104,,23.21,14.29,12.5
"Fish, anchovy",2706232,,28.9,0.0,9.71
ANCHOVIES,1850783,,20.0,0.0,10.0
ANCHOVIES,2022272,,20.0,0.2,5.9
"Fish, trout, fried",2706306,,17.1,11.7,16.9
"Fish, trout, NFS",2706302,,17.1,11.7,16.9
"Fish, trout, grilled",2706304,,25.3,0.0,10.1
"Fish, halibut",2706260,,20.7,7.79,6.24
HALIBUT,2100197,,20.59,0.0,1.76
"Fish, halibut, Greenland, raw",171965,,14.37,0.0,13.84
"Fish, herring",2706261,,20.1,7.79,14.3
"Fish oil, herring",172340,,0.0,0.0,100.0
"Fish, herring, Atlantic, kippered",173668,,24.58,0.0,12.37
RICOTTA CHEESE,2101682,,9.68,4.84,1.05
RICOTTA CHEESE,2055810,,11.29,4.84,9.68
RICOTTA CHEESE,2433041,,9.68,8.06,0.0
PARMESAN CHEESE,356507,,40.0,0.0,30.0
PARMESAN CHEESE,2096212,,40.0,0.0,30.0
PARMESAN CHEESE,2021452,,35.71,3.57,28.57
GOAT CHEESE,1935019,,25.0,0.0,32.14
GOAT CHEESE,2058141,,18.0,5.0,22.5
GOAT CHEESE,2032969,,25.0,0.0,28.57
Coconut milk,2705413,,0.21,2.92,2.08
COCONUT MILK,2510600,,1.25,2.5,13.75
COCONUT MILK,2407403,,0.0,3.75,6.25
"Almond milk, unsweetened",2705409,,0.55,0.34,1.22
"Almond milk, sweetened",2705407,,0.53,4.31,1.18
"Almond milk, chocolate",2705408,,0.57,7.44,1.2
"Soy milk, sweetened",2705404,,3.41,5.22,2.05
"Soy milk, chocolate",2705406,,3.35,8.32,2.03
"Soy milk, unsweetened",2705405,,3.55,1.29,2.12
CREAM CHEESE,2432038,,7.14,7.14,32.14
CREAM CHEESE,2126583,,7.14,7.14,32.14
CREAM CHEESE,2676402,,3.57,10.71,32.14
MAPLE SYRUP,493490,,0.0,86.67,0.0
MAPLE SYRUP,595770,,0.0,88.33,0.0
MAPLE SYRUP,2064837,,0.0,88.33,0.0
"Rice, cooked, with milk",2708416,,5.13,25.0,2.31
Rice milk,2705411,,0.28,9.17,0.97
"Beverages, rice milk, unsweetened",171942,,0.28,9.17,0.97
Honey,2710281,,0.3,82.4,0.0
HONEY,1126112,,0.0,80.0,0.0
Honey,169640,,0.3,82.4,0.0
Agave liquid sweetener,2710282,,0.09,76.4,0.45
AGAVE NECTAR,2009297,,0.0,76.19,0.0
"AGAVE ORGANIC LIGHT NECTAR, AGAVE",2323693,,0.0,76.19,0.0
STEVIA,2149523,,0.0,200.0,0.0
STEVIA,2103463,,0.0,100.0,0.0
STEVIA,2546688,,0.0,100.0,0.0
"Sugar substitute, monk fruit, powder",2710266,,0.0,100,0.0
"Jai, Monk's Food",2710037,,4.25,7.72,1.86
MONK FRUIT,1920665,,0.0,0.0,0.0
DARK CHOCOLATE,2293002,,,,
DARK CHOCOLATE,2439047,,6.98,51.16,37.21
DARK CHOCOLATE,2460230,,13.16,39.47,42.11
MILK CHOCOLATE,2215607,,4.0,52.0,28.0
MILK CHOCOLATE,2051295,,3.23,61.29,32.26
MILK CHOCOLATE,2051299,,3.23,61.29,32.26
COCOA POWDER,2133702,,25.0,50.0,12.5
COCOA POWDER,1662775,,20.0,60.0,20.0
COCOA POWDER,1161657,,25.0,50.0,12.5
"Vanilla extract, imitation, alcohol",172235,,0.05,2.41,0.0
"Vanilla extract, imitation, no alcohol",172236,,0.03,14.4,0.0
Vanilla extract,173471,,0.06,12.65,0.06
Oat milk,2705412,,0.66,5.37,2.33
"Oats, raw",2708489,,13.2,67.7,6.52
"Oat milk, unsweetened, plain, refrigerated",2257046,48.3298,0.796875,5.100325,2.749
"Fat, goose",173572,,0.0,0.0,99.8
"Goose egg, cooked",2707177,,12.9,1.27,18.1
"Goose, liver, raw",172415,,16.37,6.32,4.28
"Quail, cooked",2706149,,25.0,0.0,14.0
"Quail egg, canned",2707178,,13.0,0.41,11.1
"Quail, cooked, total edible",169902,,25.1,0.0,14.1
"Game meat, elk, raw",175301,,22.95,0.0,1.45
"Game meat, elk, cooked, roasted",175302,,30.19,0.0,1.9
"Game meat, elk, ground, raw",174425,,21.76,0.0,8.82
"Pheasant, cooked",2706150,,32.3,0.0,12.0
"Pheasant, raw, meat and skin",174472,,22.7,0.0,9.29
"Pheasant, cooked, total edible",169903,,32.4,0.0,12.1
Bison,2705920,,25.2,0.0,8.55
BISON,1597008,,21.24,0.0,6.19
"Bison, ground, raw",2727571,158.8468,19.88125,-0.14955,8.88
Ostrich,2705928,,25.9,0.0,7.01
"Ostrich, ground, raw",174481,,20.22,0.0,8.7
"Ostrich, fan, raw",174483,,21.81,0.0,2.65
Cando Kina Sea Urchin 150g,2182959,,10.1,1.8,4.7
"Sea cucumber, yane (Alaska Native)",167618,,13.0,0.0,0.4
"Fish, sea bass, mixed species, raw",175142,,18.43,0.0,2.0
Octopus (Alaska Native),168019,,12.3,0.0,0.8
OCTOPUS,2462553,,16.47,1.18,1.18
Octopus,2706331,,13.2,13.4,13.0
"Rice with squid, Puerto Rican style",2708977,,8.87,29.3,11.8
SQUID,1765580,,14.55,3.64,16.36
"Mollusks, squid, mixed species, raw",174223,,15.58,3.08,1.38
"Fish, eel",2706247,,20.6,7.79,17.1
"Sushi roll, eel",2708962,,5.95,15.3,2.98
"Sushi, topped with eel",2708968,,7.6,13.4,4.16
"Fish, flounder, fried",2706252,,11.4,11.7,13.6
"Fish, flounder, grilled",2706250,,15.7,0.0,4.72
FLOUNDER,2071464,,22.35,0.0,1.76
"Fish, catfish, fried",2706238,,13.5,11.7,16.7
"Fish, catfish, grilled",2706236,,19.3,0.0,9.8
CATFISH,1898975,,16.2,0.0,2.82
PROTEIN BAR,2068007,,30.77,44.62,6.15
PROTEIN BAR,2112671,,33.33,40.0,13.33
PROTEIN BAR,1917719,,26.47,47.06,13.24
"Cream substitute, liquid, with lauric acid oil and sodium caseinate",171262,,1.0,11.38,9.97
"CASEIN PROTEIN 24 G MICELLAR CASEIN POWDER, CHOCOLATE, CHOCOLATE",2412810,,68.57,8.57,1.43
WHEY + CASEIN PROTEIN POWDER,2666789,,60.61,24.24,3.03
HEMP PROTEIN POWDER,2671792,,38.71,41.94,6.45
HEMP PROTEIN SUPERFOODS,2653100,,50.0,21.43,10.71
"Seeds, hemp seed, hulled",170148,,31.56,8.67,48.75
Wasabi peas,2707422,,14.1,62.2,14.1
Pea salad,2710056,,2.98,10.6,14.0
"Soup, split pea",2707459,,3.55,10.6,0.7
ORIGINAL TEMPEH,2596799,,21.43,14.29,5.36
"Tempeh, cooked",172467,,19.91,7.62,11.38
Tempeh,174272,,20.29,7.64,10.8
"SEITAN WHEAT PROTEIN CUBED, SEITAN",2012995,,24.71,5.88,2.35
"SEITAN WHEAT PROTEIN STRIPS, SEITAN",2026764,,24.71,5.88,2.35
SEITAN PITA,2077758,,7.0,12.5,3.5
NUTRITIONAL YEAST,2411476,,50.0,33.33,0.0
NUTRITIONAL YEAST,2553098,,60.0,40.0,0.0
NUTRITIONAL YEAST,2467967,,50.0,31.25,3.12
"BLUE SPIRULINA SUPERADE, BLUE SPIRULINA",2177101,,0.45,2.95,0.0
"Seaweed, spirulina, raw",170091,,5.92,2.42,0.39
"Seaweed, spirulina, dried",170495,,57.47,23.9,7.72
Kefir,2705394,,3.59,7.48,0.96
KEFIR,2090546,,4.17,5.83,1.88
"Kefir, lowfat, plain, LIFEWAY",170904,,3.79,4.77,1.02
Buttermilk,2705393,,3.46,4.81,1.08
BUTTERMILK,2062440,,3.33,5.0,3.33
BUTTERMILK,1043197,,3.33,5.42,0.42
HEAVY CREAM,1918527,,0.0,0.0,40.0
HEAVY CREAM,2456541,,0.0,0.0,33.33
HEAVY CREAM,2384647,,0.0,6.67,40.0
HALF AND HALF,1625646,,3.33,3.33,11.67
HALF AND HALF,2466362,,3.33,13.33,0.0
HALF AND HALF,2678989,,3.33,3.33,11.67
BLUE CHEESE,1539469,,21.43,0.0,28.57
BLUE CHEESE,1858124,,21.43,3.57,17.86
BLUE CHEESE,2440611,,21.43,0.0,28.57
"Cheese, Brie",2705708,,20.8,0.45,27.7
"BRIE CHEESE & TOPPING, BRIE",2678251,,10.71,39.29,16.07
"Cheese, brie",172177,,20.75,0.45,27.68
SWISS CHEESE,2099781,,28.57,3.57,28.57
SWISS CHEESE,2455475,,25.58,2.33,30.23
SWISS CHEESE,2021566,,26.09,4.35,26.09
"Cheese, Camembert",2705707,,19.8,0.46,24.3
CAMEMBERT CHEESE,2028706,,17.86,0.0,21.43
"Cheese, camembert",172178,,19.8,0.46,24.26
PROVOLONE CHEESE,2070562,,28.57,0.0,23.81
PROVOLONE CHEESE,1945264,,25.0,3.57,28.57
PROVOLONE CHEESE,2433157,,25.0,3.57,28.57
MONTEREY JACK CHEESE,1898491,,25.0,0.0,32.14
MONTEREY JACK CHEESE,2010277,,25.0,3.57,28.57
MONTEREY JACK CHEESE,2389190,,25.0,0.0,28.57
PEPPER JACK CHEESE,391243,,25.0,0.0,32.14
PEPPER JACK CHEESE,2126093,,25.0,0.0,32.14
PEPPER JACK CHEESE,2618378,,21.43,0.0,32.14
"Cashews, NFS",2707493,,15.3,32.7,46.4
Cashew butter,2707536,,12.1,30.3,53.0
CASHEW MILK,2014635,,2.2,5.73,5.29
Wasabi peas,2707422,,14.1,62.2,14.1
Pea salad,2710056,,2.98,10.6,14.0
"Soup, pea, green, canned, prepared with equal volume milk",172896,,4.97,12.69,2.77
Macadamia nuts,2707503,,7.79,12.8,76.1
MACADAMIA MILK,520303,,0.4,0.4,2.0
"Nuts, macadamia nuts, raw",170178,,7.91,13.82,75.77
Coconut milk,2705413,,0.21,2.92,2.08
"Milk, human",2705383,,,,
"Seeds, hemp seed, hulled",170148,,31.56,8.67,48.75
TEFF,2665462,,12.77,74.47,3.19
"Teff, cooked",168918,,3.87,19.86,0.65
"Teff, uncooked",169747,,13.3,73.13,2.38
"ORGANIC KAMUT GRAIN, KAMUT",2403273,,15.22,69.57,2.17
"KAMUT ORGANIC KHORASAN WHEAT, KAMUT",2659521,,13.33,68.89,1.11
"KAMUT HOT CEREAL, KAMUT",2398335,,15.0,75.0,1.25
FARRO,2059934,,13.33,66.67,
FARRO,1899570,,15.38,70.33,2.2
FARRO,2659627,,3.33,29.33,0.67
SPELT,2014230,,10.0,54.0,1.0
"Spelt, cooked",169746,,5.5,26.44,0.85
"Spelt, uncooked",169745,,14.57,70.19,2.43
CRACKED FREEKEH,2020470,,20.0,65.0,2.5
"FREEKEH ORGANIC AND FAIR, FREEKEH",2476063,,12.5,60.0,4.5
FREEKEH FLOUR,2399929,,13.33,40.0,1.67
"Plantain, cooked with oil",2709559,,1.26,30.9,3.24
Plantain chips,2709563,,2.28,63.8,29.6
"Plantain, raw",2709560,,1.3,31.9,0.35
"Amaranth grain, cooked",170683,,3.8,18.69,1.58
"Amaranth grain, uncooked",170682,,13.56,65.25,7.02
"Flour, amaranth",2512371,384.076,13.2093,68.7787,6.236
Yuca fries,2709565,,1.24,34.7,13.9
YUCA,2154126,,0.94,18.87,0.0
YUCA,2483068,,1.18,29.41,0.0
CASSAVA,2655201,,0.91,40.0,0.0
CASSAVA,1856475,,3.88,33.01,0.97
CASSAVA,2424401,,0.56,35.0,0.0
"Rutabaga, raw",2709804,,1.08,8.62,0.16
"Rutabaga, cooked",2709980,,1.13,8.98,2.9
RUTABAGA,577891,,1.0,8.0,0.0
Taro chips,2709569,,2.3,68.1,24.9
"Taro, cooked",2709567,,1.57,27.6,2.95
"Taro, raw",169308,,1.5,26.46,0.2
"Parsnips, cooked",2709955,,1.29,16.5,2.84
"Parsnips, raw",170417,,1.2,17.99,0.3
"Parsnips, cooked, boiled, drained, with salt",170508,,1.32,17.01,0.3
POLENTA,1895740,,1.6,13.6,0.4
POLENTA,2384510,,5.0,72.5,0.0
CLASSIC POLENTA,2657066,,6.67,80.0,0.0
"Grits, with cheese, no added fat",2708368,,3.6,11.5,3.92
"Grits, with cheese, fat added",2708369,,3.56,11.4,5.28
"Grits, NFS",2708363,,1.19,12.2,1.84
BULGUR,1899571,,12.0,76.0,1.3
BULGUR,2017935,,12.5,67.05,2.27
BULGUR,1893881,,4.0,32.0,1.0
"Roll, wheat or cracked wheat",2707746,,8.6,46.0,6.3
"Berries, frozen",2709272,,0.76,12.5,0.34
"Bread, wheat or cracked wheat",2707720,,10.7,47.5,4.53
STEEL CUT OATS,2136778,,13.33,68.89,6.67
STEEL CUT OATS,2121423,,13.33,66.67,6.67
STEEL CUT OATS,2033575,,12.5,67.5,6.25
"Papaya, canned",2709247,,0.35,13.1,0.21
PAPAYA,2670269,,2.5,65.0,0.0
"Papayas, raw",169926,,0.47,10.82,0.26
Passion fruit nectar,2709348,,0.16,17.4,0.06
PASSION FRUIT,454157,,1.11,6.67,0.0
PASSION FRUIT,1899319,,1.79,64.29,0.0
Dragon fruit,2709234,,0.68,16.2,0.21
DRAGON FRUIT,1871770,,3.57,82.14,0.0
DRAGON FRUIT,2376793,,0.71,10.71,0.0
Lychee,2709240,,0.83,16.5,0.44
LYCHEE,2539142,,0.0,0.01,0.0
"LYCHEE PIECES, LYCHEE",2541768,,5.0,82.5,0.0
GUAVA,2295367,,0.6,11.15,0.2
Guava nectar,2709344,,0.3,13.3,0.07
"Pastry, Pastelitos de Guava (guava pastries)",167528,,5.48,47.76,18.5
"Pomegranate, raw",2709267,,1.67,18.7,1.17
POMEGRANATE,2541400,,0.0,12.08,0.0
POMEGRANATE,2287257,,14.29,57.14,21.43
"Persimmon, dried",2709209,,1.54,96.1,0.66
"Persimmon, raw",2709259,,0.58,18.6,0.19
"Persimmons, japanese, dried",169942,,1.38,73.43,0.59
STAR FRUIT,2039058,,5.0,72.5,0.0
STAR FRUIT,1899127,,0.0,85.71,0.0
"DENNY'S, chicken nuggets, star shaped, from kid's menu",168079,,16.27,13.59,28.57
"Jackfruit, canned, syrup pack",168190,,0.36,23.94,0.14
"PAMANA, JACKFRUIT IN SYRUP, JACKFRUIT, JACKFRUIT",2627987,,0.0,17.55,0.0
"Jackfruit, raw",174687,,1.72,23.25,0.64
Essente Durian Segments without Seed 500g,2182728,,1.0,7.0,1.0
DRIED DURIAN MONTHONG,453999,,6.0,83.33,8.0
"Durian, raw or frozen",168192,,1.47,27.09,5.33
"ELDERBERRY JAM, ELDERBERRY",1957302,,0.0,66.67,0.0
"ELDERBERRY JAM, ELDERBERRY",2628899,,6.67,66.67,0.0
"Elderberries, raw",171727,,0.66,18.4,0.5
GOJI BERRIES,1871732,,14.29,67.86,5.0
GOJI BERRIES,1961414,,10.71,75.0,0.0
GOJI BERRIES,2468596,,12.5,75.0,1.25
CRANBERRIES,2072482,,0.0,82.5,0.0
CRANBERRIES,2599862,,0.0,12.0,0.0
CRANBERRIES,2463410,,0.0,82.5,0.0
"Fruit juice, acai blend",2710777,,0.83,12.8,0.83
"Beverages, V8 V- FUSION Juices, Acai Berry",174170,,0.0,10.98,0.0
"Beverages, Acai berry drink, fortified",173175,,0.83,12.83,0.83
MULBERRIES,1890583,,10.71,78.57,3.57
"MULBERRY ORGANIC BERRIES, MULBERRY",2653473,,3.33,83.33,3.33
"Mulberries, raw",169913,,1.44,9.8,0.39
APRICOT,1917379,,0.0,45.0,0.0
APRICOT,2107589,,0.0,13.53,0.0
"Apricot, raw",2709221,,1.4,11.1,0.39
"Cherries, raw",2709231,,1.04,16.2,0.19
CHERRY,2135570,,4.0,42.0,20.0
CHERRY,2445454,,0.0,74.29,0.0
Coconut milk,2705413,,0.21,2.92,2.08
COCONUT,2167906,,3.57,46.43,35.71
COCONUT,1944546,,6.67,26.67,66.67
"Pear, raw",2709254,,0.37,15.2,0.15
Pear nectar,2709349,,0.11,15.8,0.01
"Pear, dried",2709208,,1.87,69.7,0.63
Artichoke dip,2705782,,3.86,5.78,32.7
Artichoke,2709766,,2.89,12.0,0.34
ARTICHOKE,2065531,,1.67,3.33,6.67
Leeks,2709935,,1.57,14.7,3.05
LEEKS,2408980,,1.18,8.24,0.0
"Leeks, (bulb and lower leaf-portion), raw",169246,,1.5,14.15,0.3
"Fennel bulb, raw",2709779,,1.24,7.3,0.2
"Fennel bulb, cooked",2709907,,1.42,8.32,3.22
"Fennel, bulb, raw",169385,,1.24,7.3,0.2
SHALLOTS,2436047,,0.0,13.33,0.0
"Shallots, raw",170499,,2.5,16.8,0.1
"Shallots, freeze-dried",170082,,12.3,80.7,0.5
COLLARD GREENS,2097145,,2.35,5.88,0.0
COLLARD GREENS,2409210,,2.35,5.88,0.0
COLLARD GREENS,2474908,,3.53,5.88,0.59
"SCALLION CREAM CHEESE, SCALLION",1124711,,7.14,7.14,28.57
"Onions, spring or scallions (includes tops and bulb), raw",170005,,1.83,7.34,0.19
"Green onion, (scallion), bulb and greens, root removed, raw",2727585,,0.66875,,
"Cabbage, red, raw",2709775,,1.24,6.79,0.21
"Cabbage, kimchi",170392,,1.1,2.4,0.5
"Cabbage, raw",169975,,1.28,5.8,0.1
BABY BOK CHOY,2178962,,1.77,1.77,0.0
BOK CHOY BLEND,2074785,,1.18,4.71,0.0
"Cabbage, bok choy, raw",2685572,20.259,1.02375,3.51495,0.2338
TURNIP GREENS,1602531,,1.77,7.08,0.0
TURNIP GREENS,2621263,,1.18,7.06,0.0
TURNIP GREENS,1855720,,0.78,3.12,0.0
"Watercress, raw",2709639,,2.3,1.29,0.1
"Watercress, cooked",2709640,,2.4,1.35,2.84
"Watercress, raw",170068,,2.3,1.29,0.1
"ESCAROLE, ENDIVE, RADICCHIO SANTA BARBARA",2425315,,1.18,3.53,0.0
"ROMAINE, RADICCHIO & ENDIVE ITALIAN BLEND, ROMAINE, RADICCHIO & ENDIVE",2406215,,1.18,3.53,0.0
"Endive, raw",168412,,1.25,3.35,0.2
"Radicchio, raw",2709613,,1.43,4.48,0.25
"Radicchio, raw",168564,,1.43,4.48,0.25
RADICCHIO,1663776,,2.0,4.0,0.0
BUTTERNUT SQUASH,477450,,1.18,11.76,0.0
BUTTERNUT SQUASH,2068785,,1.18,11.76,0.0
BUTTERNUT SQUASH,2410775,,1.18,11.76,0.0
"Spaghetti squash, cooked",2710001,,0.65,6.26,2.8
SPAGHETTI SQUASH,2421967,,1.18,7.06,0.76
SPAGHETTI SQUASH,1605880,,0.65,6.45,0.42
ACORN SQUASH,2134133,,1.18,10.59,0.0
"Squash, winter, acorn, raw",168472,,0.8,10.42,0.1
ACORN SQUASH,2401381,,1.18,10.59,0.0
"Spaghetti squash, cooked",2710001,,0.65,6.26,2.8
ORGANIC DELICATA SQUASH,2413851,,0.71,8.57,
DELICATA SQUASH,2401382,,1.18,10.59,0.0
"Eggplant, pickled",2710081,,0.81,9.74,0.16
Eggplant dip,2710049,,4.8,8.15,15.0
"Eggplant, pickled",169892,,0.9,9.77,0.7
OKRA,475597,,3.0,8.0,0.0
OKRA,517428,,2.0,7.0,0.0
OKRA,579527,,2.41,7.23,0.0
"Kohlrabi, raw",2709788,,1.7,6.2,0.1
"Kohlrabi, cooked",2709934,,1.72,6.26,2.75
"Kohlrabi, raw",168424,,1.7,6.2,0.1
"Jicama, raw",2709787,,0.72,8.82,0.09
"Yambean (jicama), cooked, boiled, drained, with salt",169358,,0.72,8.23,0.09
"Yambean (jicama), raw",170073,,0.72,8.82,0.09
Macadamia nuts,2707503,,7.79,12.8,76.1
MACADAMIA NUTS,482079,,6.67,40.0,46.67
MACADAMIA NUTS,2073953,,8.77,14.04,75.44
Pine nuts,2707526,,13.7,13.1,68.4
PINE NUTS,2429855,,14.29,14.29,67.86
PINE NUTS,2073946,,12.28,19.3,61.4
"Radishes, pickled",2710099,,0.56,7.68,0.1
Radish,2709803,,0.68,3.4,0.1
"Radishes, raw",169276,,0.68,3.4,0.1
FENNEL SEEDS,1663078,,0.0,0.0,0.0
FENNEL SEEDS,1484593,,0.0,0.0,0.0
FENNEL SEEDS,1664121,,0.0,0.0,0.0
COCONUT FLAKES,1935014,,6.67,23.33,64.53
COCONUT FLAKES,573164,,0.0,53.33,23.33
COCONUT FLAKES,2150869,,6.67,23.33,63.33
Chestnuts,2707499,,3.17,53.0,2.2
"Nuts, chestnuts, chinese, dried",170165,,6.82,79.76,1.81
"Flour, chestnut",2515377,384.672,5.28675,80.45025,4.636
POPPY SEEDS,2093508,,17.24,24.14,44.83
POPPY SEEDS,2059254,,16.67,26.67,43.33
POPPY SEEDS,384424,,0.0,0.0,0.0
"Nectarine, raw",2709245,,1.06,9.18,0.28
"Nectarines, raw",169914,,1.06,10.55,0.32
"Seeds, breadfruit seeds, boiled",170145,,5.3,32.0,2.3
"Spices, cumin seed",170923,,17.81,44.24,22.27
"CUMIN SEEDS GRINDER REFILL, CUMIN SEEDS",2427784,,0.0,133.33,0.0
CORIANDER SEEDS,2670740,,0.0,0.0,0.0
CORIANDER SEEDS,1957400,,20.0,20.0,20.0
"Spices, coriander seed",170922,,12.37,54.99,17.77
Mustard,2710085,,4.25,5.3,3.38
MUSTARD SEEDS,1930147,,0.0,0.0,50.0
"Spices, mustard seed, ground",170929,,26.08,28.09,36.24
CARAWAY SEEDS,579075,,0.0,0.0,0.0
"Cheese, caraway",173413,,25.18,3.06,29.2
"Spices, caraway seed",170918,,19.77,49.9,14.59
Sesame oil,2710190,,0.0,0.0,100
SESAME OIL,2498419,,0.0,0.0,93.33
SESAME OIL,1585458,,0.0,0.0,92.0
Walnut oil,2710193,,0.0,0.0,100
WALNUT OIL,1857543,,0.0,0.0,93.33
WALNUT OIL,2569011,,0.0,0.0,93.33
HEMP OIL,2284233,,0.0,0.0,100.0
HEMP OIL,2284226,,0.0,0.0,100.0
HEMP OIL,2096517,,0.0,0.0,93.33
FLAXSEED OIL,2157118,,0.0,0.0,102.94
Flaxseed oil,2710185,,0.11,0.0,100
"Oil, flaxseed, contains added sliced flaxseed",171442,,0.37,0.39,99.01
"Seeds, breadfruit seeds, boiled",170145,,5.3,32.0,2.3
"SWEET SUNNAH, WHOLE BLACK SEEDS NIGELLA SATIVA",2069597,,16.67,50.0,33.33
ORGANIC BLACK SEEDS ANCIENT SUPER SEED NIGELLA SATIVA,2428753,,0.0,50.0,16.67
GRAPESEED OIL,2285119,,0.0,0.0,93.33
GRAPESEED OIL,2435436,,0.0,0.0,93.33
GRAPESEED OIL,577578,,0.0,0.0,93.33
Sunflower oil,2710192,,0.0,0.0,100
SUNFLOWER OIL,2072898,,0.0,0.0,86.67
SUNFLOWER OIL,2097568,,0.0,0.0,93.33
Safflower oil,2710189,,0.0,0.0,100
SAFFLOWER OIL,2072141,,0.0,0.0,100.0
SAFFLOWER OIL,2167495,,0.0,0.0,93.33
Canola oil,2710188,,0.0,0.0,100
CANOLA OIL,1855266,,0.0,0.0,100.0
CANOLA OIL,2427509,,0.0,0.0,0.0
Tahini,2707587,,19.7,14.2,62.4
TAHINI,2157503,,,2.54,62.0
TAHINI,2404089,,21.43,10.71,64.29
COCONUT CREAM,2427266,,2.22,3.33,22.22
COCONUT CREAM,2390563,,0.0,3.33,18.33
COCONUT CREAM,2085567,,2.5,5.0,20.0
"Seeds, sunflower seed butter, without salt",170155,,17.28,23.32,55.2
SUNFLOWER BUTTER,2612644,,21.88,21.88,53.12
SUNFLOWER BUTTER,2303774,,18.18,24.24,51.52
Almond butter,2707533,,20.7,21.1,52.7
ALMOND BUTTER,1628145,,21.21,24.24,48.48
ALMOND BUTTER,2062515,,23.33,20.0,53.33
KOMBUCHA,2643213,,0.0,4.23,0.0
KOMBUCHA,516534,,1.13,3.01,0.0
KOMBUCHA,434355,,0.44,4.41,0.0
Hazelnuts,2707502,,15.0,16.7,60.8
HAZELNUT BUTTER,2061414,,17.86,28.57,50.0
"Oil, hazelnut",171427,,0.0,0.0,100.0
Macadamia nuts,2707503,,7.79,12.8,76.1
"Nuts, macadamia nuts, raw",170178,,7.91,13.82,75.77
"Nuts, macadamia nuts, raw",2515378,711.89,7.7857,24.0943,64.93
"Pork, bones",2705897,,26.2,0.0,13.8
BONE BROTH,1897026,,2.64,4.41,2.64
BONE BROTH,1954906,,4.17,2.08,0.21
COCONUT WATER,2658917,,0.0,4.58,0.0
COCONUT WATER,2679122,,0.0,4.17,0.0
COCONUT WATER,2377356,,0.0,,0.0
GREEN TEA,1852241,,0.0,0.0,0.0
GREEN TEA,1810668,,0.0,0.0,0.0
GREEN TEA,2048695,,0.0,0.0,0.0
BLACK TEA,2103358,,0.0,0.0,0.0
BLACK TEA,2283974,,0.0,0.0,0.0
BLACK TEA,2435252,,0.0,8.44,0.0
VEGETABLE BROTH,2076913,,0.0,1.25,0.0
VEGETABLE BROTH,2114652,,0.0,1.22,0.0
VEGETABLE BROTH,497207,,0.0,0.83,0.0
HERBAL TEA,398172,,0.0,0.0,0.0
HERBAL TEA,428155,,0.0,0.0,0.0
HERBAL TEA,469756,,0.0,0.0,0.0
"RAW HONEY + MATCHA, MATCHA",718136,,0.0,80.95,0.0
"COCONUT WATER WITH MATCHA, MATCHA",2408665,,0.0,5.0,0.0
"MATCHA DONUTS, MATCHA",2670285,,9.09,22.73,54.55
"Coffee and chicory, brewed",2710470,,0.12,0.0,0.02
"Coffee, brewed",2710375,,0.12,0.0,0.02
"Coffee, brewed, decaffeinated",2710452,,0.1,0.0,0.0
Energy Drink,2710756,,0.46,10.2,0.0
ENERGY DRINK,2462614,,0.0,1.27,0.0
ENERGY DRINK,2365144,,0.0,1.27,0.0
"Coffee, espresso, decaffeinated",2710379,,0.1,1.69,0.18
"Coffee, espresso",2710378,,0.12,1.67,0.18
"Beverages, coffee, brewed, espresso, restaurant-prepared",171891,,0.12,1.67,0.18
"Fluid replacement, electrolyte solution",2710775,,0.0,2.45,0.0
"Nutritional drink or shake, ready-to-drink (Boost)",2710714,,4.22,17.3,1.69
"Fluid replacement, electrolyte solution (include PEDIALYTE)",169883,,0.0,2.45,0.0
BALSAMIC VINEGAR,507699,,0.0,73.33,0.0
BALSAMIC VINEGAR,2119453,,0.0,20.0,0.0
BALSAMIC VINEGAR,2175314,,0.0,60.0,0.0
APPLE CIDER VINEGAR,1909370,,0.0,0.0,0.0
APPLE CIDER VINEGAR,1908692,,0.0,0.0,0.0
APPLE CIDER VINEGAR,1940939,,0.0,0.0,0.0
RICE VINEGAR,2288128,,1.33,5.33,0.0
RICE VINEGAR,2158088,,0.0,0.0,0.0
RICE VINEGAR,2083928,,0.0,0.0,0.0
TAMARI,2439966,,20.0,20.0,0.0
TAMARI,2082694,,0.0,6.67,0.0
TAMARI,2580937,,11.11,5.56,0.0
Fish sauce,2706457,,5.06,3.64,0.01
FISH SAUCE,2066343,,6.67,6.67,0.0
FISH SAUCE,1908663,,0.0,0.0,0.0
MISO,1864430,,8.33,25.0,8.33
Miso,2707439,,12.8,25.4,6.01
Miso,172442,,12.79,25.37,6.01
Soy sauce,2707442,,8.14,4.93,0.57
SOY SAUCE,2288941,,13.33,6.67,0.0
SOY SAUCE,1883847,,10.0,0.0,0.0
"HARISSA PASTE, HARISSA",2546030,,0.0,16.67,0.0
HARISSA,2093082,,0.0,0.0,
"HARISSA HOMMUS, HARISSA",2391237,,7.14,17.86,17.86
SRIRACHA,2495517,,14.29,17.86,21.43
SRIRACHA,1937152,,0.0,7.14,71.43
SRIRACHA,2020566,,0.8,7.2,2.8
Oyster sauce,2707150,,1.35,10.9,0.25
OYSTER SAUCE,1928263,,0.0,18.75,0.0
"Sauce, oyster, ready-to-serve",174529,,1.35,10.92,0.25
SALSA,2085620,,0.0,6.67,46.67
SALSA,1909593,,2.94,8.82,8.82
SALSA,2374528,,0.0,7.14,3.57
HOT SAUCE,2075481,,0.0,0.0,0.0
HOT SAUCE,1952795,,0.0,0.0,0.0
HOT SAUCE,2069746,,0.0,0.0,0.0
PESTO,1940932,,6.67,13.33,60.0
PESTO,2034005,,8.33,5.0,41.67
PESTO,1972571,,1.72,8.62,32.76
GUACAMOLE,2642367,,0.0,6.67,16.67
GUACAMOLE,1922901,,3.57,10.71,7.14
GUACAMOLE,2036598,,3.33,10.0,13.33
HUMMUS,2422987,,10.71,25.0,12.5
HUMMUS,1886359,,7.14,21.43,28.57
HUMMUS,1862875,,6.67,10.0,16.67
TZATZIKI,2071295,,3.12,9.38,12.5
TZATZIKI,2023348,,3.57,3.57,7.14
TZATZIKI,2671033,,3.33,3.33,3.33
COCONUT SUGAR,2437663,,0.0,100.0,0.0
COCONUT SUGAR,2130295,,0.0,100.0,0.0
COCONUT SUGAR,2673988,,0.0,100.0,0.0
Ranch dressing,2710212,,1.32,5.9,44.5
RANCH DRESSING,2100941,,0.0,20.0,0.0
RANCH DRESSING,2097819,,0.0,6.67,40.0
DATE SUGAR,2284580,,0.0,0.0,0.0
DATE SUGAR,2029576,,0.0,88.89,0.0
DATE SUGAR,2181754,,0.0,100.0,0.0
BROWN SUGAR,1630185,,0.0,100.0,0.0
BROWN SUGAR,2019051,,0.0,100.0,0.0
BROWN SUGAR,2096454,,0.0,100.0,0.0
Molasses,2710283,,0.0,74.7,0.1
MOLASSES,1983504,,0.0,106.67,0.0
Molasses,168820,,0.0,74.73,0.1
"Clementine, raw",2709164,,0.81,13.3,0.31
"Egg, yolk, raw, frozen, sugared, pasteurized",173422,,13.87,10.95,22.82
"Sugar-apples, (sweetsop), raw",168175,,2.06,23.64,0.29
Corn syrup,2710274,,0.0,76.8,0.2
"Syrups, corn, light",168837,,0.0,76.79,0.2
"Syrups, corn, dark",168836,,0.0,77.59,0.0
Corn syrup,2710274,,0.0,76.8,0.2
Blueberry syrup,2710275,,0.0,85.1,0.0
Chocolate syrup,2710276,,0.0,67.2,0.0
"YACON SYRUP, YACON",2413725,,0.0,220.0,0.0
"YACON SYRUP, YACON",1064133,,0.0,100.0,0.0
"YACON PREMIUM SYRUP, YACON",2266151,,0.0,80.0,0.0
"ERYTHRITOL ORGANIC SUGAR SUBSTITUTE, ERYTHRITOL",2668940,,0.0,100.0,0.0
"ERYTHRITOL NATURAL SWEETENER, ERYTHRITOL",2392047,,0.0,100.0,0.0
"ERYTHRITOL ZERO CALORIE SWEETENER, ERYTHRITOL",2386683,,0.0,100.0,0.0
"SUPREME STEVIA WITH XYLITOL, SUPREME WITH XYLITOL",2654926,,0.0,0.0,0.0
"XYLITOL SWEETENER PACKETS, XYLITOL",2372514,,0.0,98.04,0.0
XYLITOL,2667320,,0.0,100.0,0.0
SUCRALOSE,1940487,,0.0,100.0,0.0
SUCRALOSE,2067334,,0.0,100.0,0.0
"Guava nectar, with sucralose, canned",168210,,0.3,13.3,0.07
"Sugar substitute, aspartame, powder",2710271,,2.17,89.1,0.0
"Beverages, cocoa mix, with aspartame, powder, prepared with water",175092,,1.21,5.61,0.23
"Sweeteners, tabletop, aspartame, EQUAL, packets",169657,,2.17,89.08,0.0
